index,n,slope,intercept,r,r2,rmse,bias
IRECI,67,0.7799731721607209,27.142364858614187,0.47440518389358927,0.22506027850511026,11.488475731221513,2.8507462686567164
NDVI,65,0.7991448205243071,28.27296544882922,0.4641899179846087,0.21547227995855772,13.300665107718949,6.076923076923077
EVI,67,0.8857118628388178,10.304318665392085,0.4649828920699575,0.21620908991774176,13.056135973831008,-2.3134328358208953
